x,y,z,a
2.604434051513672,-5.608686676025391,-7.204218750000001,9.4942725238093
2.900069274902344,-5.749543762207032,-6.950646057128907,9.475185269125243
2.7388545227050782,-5.800138549804688,-7.18790267944336,9.63373635837215
2.2246737670898438,-5.607638854980469,-7.754624176025391,9.824916437775023
1.7077986145019532,-5.473817138671875,-8.242609405517578,10.040909320735826
1.4082714843750002,-5.445376281738281,-8.402776336669922,10.111478704300454
1.5738272094726564,-5.702840881347656,-8.246651000976563,10.149215680788066
1.7438735961914062,-5.795797576904297,-8.004005584716797,10.034763080019426
1.7883311462402345,-5.647755432128907,-7.94233383178711,9.908377082312956
1.652413787841797,-5.538782043457031,-7.873926086425782,9.767665527937991
1.6938775634765626,-5.48743881225586,-7.833061065673829,9.712777747733988
1.6507672119140626,-5.492827606201172,-7.946525115966797,9.800175963627764
1.289418640136719,-5.376070404052735,-8.076604614257812,9.787557178066157
1.144519958496094,-5.3087104797363285,-8.172555084228517,9.812389591623825
1.3668077087402344,-5.564528503417969,-8.121810607910156,9.939615099629597
1.5872991943359376,-5.739813995361328,-7.906857604980469,9.898655495526793
1.7113911437988283,-5.793103179931641,-7.786956939697266,9.855232238821495
1.6491206359863282,-5.6645205688476565,-7.770042114257813,9.756021043656792
1.4648538208007813,-5.481600952148438,-7.886200561523438,9.715240862247414
1.3398637390136718,-5.635780334472656,-7.953710174560547,9.839652451101125
1.2879217529296876,-5.818400573730469,-7.97586410522461,9.956251096826902
1.2677137756347656,-5.7895106506347656,-8.024662628173829,9.976008324312748
1.2952565002441407,-5.706134033203125,-7.985294494628906,9.899625405653206
1.3739927673339845,-5.679788818359375,-7.953410797119141,9.869376903005458
1.4081217956542968,-5.628595275878906,-7.925868072509766,9.82259011024448
1.3862672424316407,-5.6326368713378905,-7.936046905517578,9.830014012114594
1.2889695739746094,-5.661826171875,-7.868836669921875,9.779381815895531
1.354084167480469,-5.66467025756836,-7.818990325927735,9.74980219166278
1.4702426147460939,-5.651946716308594,-7.7794725036621095,9.727605433272966
1.5741265869140626,-5.674100646972657,-7.837402038574219,9.802967070119768
1.4831158447265627,-5.617518310546875,-7.852670288085938,9.768345572900055
1.4180012512207032,-5.574258270263672,-7.950866088867188,9.813223444677321
1.4733860778808594,-5.574108581542969,-8.076005859375,9.922873759853214
1.4976356506347657,-5.606141967773437,-8.076305236816406,9.944769810463738
1.5310162353515626,-5.7031402587890625,-7.958200836181641,9.9097315843232
1.5967295837402344,-5.638624420166016,-7.934999084472657,9.864473690261722
1.6875906372070313,-5.5271063232421875,-7.985593872070313,9.857310787271523
1.5178436279296876,-5.554948425292969,-8.092920684814453,9.93260622884091
1.5370037841796875,-5.541027374267578,-8.158184967041016,9.98104939129245
1.8459613037109377,-5.4601954650878906,-8.236771545410157,10.053144440573954
1.9067349243164065,-5.409600677490235,-8.081544342041017,9.910135040143794
1.6643888854980469,-5.387596435546875,-7.858508148193359,9.67225599483948
1.4874568176269531,-5.5431230163574226,-7.721243591308594,9.620620726081054
1.4447955322265627,-5.6452107238769536,-7.887697448730469,9.806712460841622
1.5148498535156252,-5.591921539306641,-7.978259124755859,9.859866897793703
1.6721726989746095,-5.47306869506836,-8.070467376708985,9.893588133465903
1.7381854248046875,-5.475613403320313,-7.996521148681641,9.846216592932397
1.7091458129882813,-5.62111083984375,-7.927215270996094,9.867056726125474
1.6838484191894532,-5.7543338012695315,-7.888296203613281,9.908224865796072
1.6678317260742188,-5.580545196533204,-7.995623016357422,9.892124886835694
1.6000227355957033,-5.550457763671876,-8.099656677246093,9.948471864059615
1.535057830810547,-5.665418701171875,-8.106093292236329,10.008102720593929
1.5250286865234375,-5.74610092163086,-7.966583404541016,9.940313850065035
1.654808807373047,-5.697302398681641,-7.783663787841797,9.786882484894907
1.738484802246094,-5.688021697998047,-7.670948181152344,9.706666072471108
1.6961228942871094,-5.678740997314454,-7.651338958740235,9.678218846907779
1.5667918395996094,-5.591023406982422,-7.671696624755859,9.621294533915469
1.4510824584960937,-5.69775146484375,-7.717351684570313,9.701934295789908
1.5970289611816406,-5.7913069152832035,-7.830965423583985,9.869840766457576
1.7527052307128907,-5.663323059082032,-7.789351959228516,9.78872860191944
1.8517991638183595,-5.640570373535157,-7.739505615234376,9.754237102416843
1.7076489257812502,-5.7684045410156255,-7.707921295166016,9.777658538474602
1.6563056945800783,-5.775290222167969,-7.87721923828125,9.906962634032471
1.7030085754394533,-5.795647888183594,-8.053402862548829,10.067128206114042
1.7841398620605469,-5.672454071044922,-8.09082504272461,10.040983024957628
1.9344273376464844,-5.713169403076172,-7.981701965332031,10.004492991464636
1.8755996704101563,-5.7350239562988286,-7.873177642822266,9.919440513375768
1.7670753479003907,-5.697302398681641,-7.775730285644531,9.800193435961887
1.6850459289550783,-5.7806790161132815,-7.618108062744141,9.710365602059882
1.6245716857910157,-5.797593841552735,-7.588918762207031,9.687260474110415
1.6175363159179688,-5.73891586303711,-7.7195970153808595,9.754166140486307
1.7155824279785157,-5.72888671875,-7.896229705810547,9.90524152509083
1.8315911865234376,-5.7859181213378905,-8.01328628540039,10.052080972274473
1.8606307983398438,-5.765111389160157,-8.044571228027344,10.070431100005614
1.7968634033203126,-5.756429443359376,-7.9026663208007815,9.940690770992001
1.72680908203125,-5.764662322998047,-7.798932037353516,9.850712777623654
1.9558328247070313,-5.897585906982422,-7.500003662109376,9.739448470015805
2.0423529052734377,-6.017636260986328,-7.382947082519531,9.741204195709072
1.7018110656738281,-5.821993103027344,-7.432044982910156,9.593073398184124
1.6217276000976564,-5.802683258056641,-7.6104739379882815,9.706721741301138
1.65016845703125,-5.969286804199219,-7.769593048095704,9.93589538090981
1.818867645263672,-5.8294775390625,-7.759713592529297,9.8744236757142
0.14894027709960939,-0.1778302001953125,-9.78455291748047,9.787302109428296
0.15552658081054688,-0.15627502441406252,-9.880802764892579,9.883262299428416
0.14504837036132814,-0.16630416870117187,-9.835596771240235,9.838071963179736
0.1627116394042969,-0.16241226196289063,-9.842033386230469,9.844718076009528
0.1550775146484375,-0.15971786499023438,-9.847571868896486,9.85008784453357
0.14594650268554688,-0.16510665893554688,-9.838440856933595,9.840908448199853
0.15956817626953126,-0.1634600830078125,-9.838141479492188,9.840793106864895
0.15627502441406252,-0.16256195068359375,-9.835297393798829,9.837882043180418
0.154478759765625,-0.15911911010742188,-9.840386810302736,9.842885509585091
0.15837066650390627,-0.1580712890625,-9.845176849365235,9.847719278884423
0.154478759765625,-0.17124389648437502,-9.847122802734376,9.849823127926369
0.15417938232421877,-0.16016693115234376,-9.838590545654297,9.841102003983433
0.15193405151367187,-0.16839981079101562,-9.84158432006836,9.84419749808481
0.15702346801757813,-0.1585203552246094,-9.849517822265625,9.852044782869037
0.15133529663085937,-0.16974700927734376,-9.835297393798829,9.837926165794851
0.15717315673828125,-0.16046630859375,-9.845625915527345,9.848187777753655
0.15971786499023438,-0.16540603637695314,-9.849667510986329,9.852350939255391
0.15462844848632815,-0.16256195068359375,-9.845176849365235,9.847732913730374
0.1550775146484375,-0.17139358520507814,-9.840386810302736,9.843101003900093
0.15088623046875002,-0.16839981079101562,-9.847871246337892,9.850466650634788
0.1526824951171875,-0.16016693115234376,-9.84637435913086,9.848860513292877
0.15672409057617187,-0.16241226196289063,-9.832602996826173,9.835193026910956
0.14923965454101562,-0.1694476318359375,-9.8483203125,9.850908483587817
0.15597564697265626,-0.1621128845214844,-9.841734008789063,9.844304814944103
0.14744338989257813,-0.16839981079101562,-9.846973114013672,9.849516615428676
0.15462844848632815,-0.1634600830078125,-9.845027160644532,9.84759813099858
0.159268798828125,-0.16555572509765626,-9.837093658447266,9.839775754226117
0.15298187255859375,-0.159268798828125,-9.842183074951173,9.844660364099262
0.1531315612792969,-0.1694476318359375,-9.837692413330078,9.840343174619816
0.15133529663085937,-0.1621128845214844,-9.844877471923828,9.847375051074653
0.15103591918945314,-0.168848876953125,-9.841883697509767,9.844490667751291
0.15223342895507813,-0.16839981079101562,-9.848020935058594,9.850637027650455
0.15537689208984376,-0.1573228454589844,-9.843230895996093,9.845714140080997
0.1525328063964844,-0.16510665893554688,-9.844278717041016,9.846844668452873
0.16256195068359375,-0.17184265136718752,-9.836195526123047,9.839039521861979
0.15777191162109375,-0.16570541381835938,-9.841284942626954,9.843944310196056
0.15238311767578125,-0.16166381835937502,-9.842632141113281,9.845139068088136
0.15343093872070312,-0.16166381835937502,-9.839937744140625,9.84246163577418
0.16121475219726564,-0.16480728149414064,-9.850116577148437,9.852814228420932
0.15432907104492188,-0.15911911010742188,-9.849068756103517,9.85156290726631
0.14953903198242188,-0.1681004333496094,-9.836345214843751,9.838917972183635
0.1484912109375,-0.17064514160156252,-9.841734008789063,9.844333278786996
0.15178436279296875,-0.16914825439453127,-9.838740234375,9.841364693184712
0.15298187255859375,-0.16196319580078125,-9.838590545654297,9.84111271428001
0.15462844848632815,-0.16645385742187502,-9.838590545654297,9.841213378886266
0.15223342895507813,-0.15687377929687502,-9.84682342529297,9.8492495129538
0.15432907104492188,-0.17034576416015626,-9.84442840576172,9.847111544900116
0.15702346801757813,-0.1586700439453125,-9.840536499023438,9.843068177197917
0.15612533569335937,-0.16316070556640624,-9.840536499023438,9.843127304109135
0.147293701171875,-0.164058837890625,-9.853260040283203,9.855726465265596
0.1550775146484375,-0.17244140625,-9.8339501953125,9.83668447791357
0.15358062744140627,-0.16585510253906252,-9.846673736572265,9.849267921965852
0.15971786499023438,-0.16016693115234376,-9.843679962158204,9.846278405551345
0.14998809814453126,-0.16390914916992189,-9.833201751708986,9.83571142971261
0.1526824951171875,-0.16435821533203127,-9.841284942626954,9.843841470139507
0.15283218383789063,-0.16780105590820313,-9.846973114013672,9.849588538557773
0.15417938232421877,-0.1728904724121094,-9.849517822265625,9.85224155857503
0.15103591918945314,-0.1598675537109375,-9.830657043457032,9.833116870539385
0.15103591918945314,-0.15777191162109375,-9.843081207275391,9.845504125132443
0.15717315673828125,-0.16914825439453127,-9.843380584716797,9.846088353693734
0.15627502441406252,-0.16645385742187502,-9.850116577148437,9.852762320959574
0.1531315612792969,-0.1686991882324219,-9.834698638916016,9.837337343482059
0.15837066650390627,-0.17094451904296876,-9.833351440429688,9.83611223236093
0.1429527282714844,-0.15567626953125,-9.839488677978515,9.841758380872943
0.1627116394042969,-0.16450790405273438,-9.83724334716797,9.839964156413068
0.14819183349609374,-0.1681004333496094,-9.837542724609376,9.840094787842347
0.1526824951171875,-0.16660354614257813,-9.843081207275391,9.84567500676924
0.1574725341796875,-0.1633103942871094,-9.83963836669922,9.84225335333949
0.15283218383789063,-0.1573228454589844,-9.846224670410157,9.84866734204753
0.1574725341796875,-0.16914825439453127,-9.841883697509767,9.844596662448605
0.1538800048828125,-0.16420852661132812,-9.847721557617188,9.8502925526338
0.15687377929687502,-0.16106506347656252,-9.839039611816407,9.841608192780077
0.15552658081054688,-0.16091537475585938,-9.842482452392579,9.845026312856014
0.15777191162109375,-0.16181350708007813,-9.844578094482422,9.847171850106673
0.15537689208984376,-0.17244140625,-9.839488677978515,9.842226143574042
0.15971786499023438,-0.15896942138671877,-9.836045837402343,9.838626875169778
0.15073654174804688,-0.16705261230468751,-9.85116439819336,9.853733712686187
0.1526824951171875,-0.1669029235839844,-9.844877471923828,9.847475867825693
0.16136444091796875,-0.16121475219726564,-9.855655059814454,9.858294240747993
0.15672409057617187,-0.16106506347656252,-9.839937744140625,9.842503706059905
0.15298187255859375,-0.16645385742187502,-9.843380584716797,9.84597642062796
0.15328125,-0.1686991882324219,-9.839338989257813,9.841978779861334
0.15013778686523438,-0.16555572509765626,-9.844877471923828,9.847414000150025
0.14474899291992188,-0.16974700927734376,-9.84397933959961,9.846506769234148
0.15298187255859375,-0.16480728149414064,-9.836195526123047,9.838765538495572
0.15702346801757813,-0.162861328125,-9.845176849365235,9.847775757854363
0.1531315612792969,-0.1681004333496094,-9.834698638916016,9.83732709373073
0.15702346801757813,-0.15941848754882812,-9.844877471923828,9.847420122086492
0.16136444091796875,-0.1646575927734375,-9.837842102050782,9.840543065834002
0.14894027709960939,-0.1634600830078125,-9.844727783203126,9.847211154954024
0.15777191162109375,-0.16645385742187502,-9.84397933959961,9.846650603185388
0.15477813720703126,-0.16301101684570313,-9.847272491455078,9.84983778467129
0.16031661987304688,-0.16031661987304688,-9.839788055419922,9.842399697878541
0.16046630859375,-0.1598675537109375,-9.8435302734375,9.846136060150894
0.15193405151367187,-0.16570541381835938,-9.835896148681641,9.838465088001707
0.1633103942871094,-0.16241226196289063,-9.853110351562501,9.855801927179048
0.15462844848632815,-0.1682501220703125,-9.832153930664063,9.83480904628711
0.15477813720703126,-0.16166381835937502,-9.844727783203126,9.847271530088696
0.15402969360351562,-0.16301101684570313,-9.834698638916016,9.8372554636149
0.154478759765625,-0.17274078369140625,-9.839788055419922,9.84251655020979
0.1550775146484375,-0.162861328125,-9.834099884033204,9.836670848254
0.15537689208984376,-0.16181350708007813,-9.841434631347656,9.843991121123487
0.1525328063964844,-0.16959732055664065,-9.8435302734375,9.846172746415112
0.15358062744140627,-0.16630416870117187,-9.848919067382813,9.851520232000206
0.15762222290039063,-0.1686991882324219,-9.834099884033204,9.836809681517897
0.14699432373046875,-0.16450790405273438,-9.853110351562501,9.855579829810772
0.1598675537109375,-0.16016693115234376,-9.836644592285158,9.839247324643136
0.15612533569335937,-0.16570541381835938,-9.840237121582032,9.842870516956681
0.15567626953125,-0.16301101684570313,-9.83963836669922,9.842219814651953
0.15612533569335937,-0.17004638671875,-9.844727783203126,9.847433981472179
0.16420852661132812,-0.17004638671875,-9.83439926147461,9.83723991005304
0.1550775146484375,-0.16420852661132812,-9.838590545654297,9.841182723677043
0.15881973266601562,-0.16061599731445314,-9.84547622680664,9.848066984880441
0.15762222290039063,-0.1676513671875,-9.83679428100586,9.839485427241685
0.15043716430664064,-0.17528549194335938,-9.846673736572265,9.849382722718843
0.15148498535156252,-0.16660354614257813,-9.844727783203126,9.847302654419929
0.15193405151367187,-0.16046630859375,-9.837542724609376,9.840024402953375
0.15537689208984376,-0.16989669799804688,-9.838889923095703,9.841583296674388
0.15148498535156252,-0.16241226196289063,-9.834698638916016,9.837206044498581
0.15522720336914064,-0.1646575927734375,-9.8435302734375,9.84613100926472
0.15612533569335937,-0.16151412963867187,-9.846074981689453,9.848637188950015
0.15178436279296875,-0.1669029235839844,-9.84397933959961,9.84656408688601
0.15582595825195314,-0.1627116394042969,-9.830956420898438,9.833537560637424
0.15402969360351562,-0.16720230102539063,-9.84442840576172,9.847052980062005
0.15537689208984376,-0.16121475219726564,-9.842332763671875,9.844879197114121
0.15402969360351562,-0.1622625732421875,-9.847721557617188,9.850262644495581
0.15402969360351562,-0.16435821533203127,-9.838440856933595,9.841019117186947
0.15537689208984376,-0.15911911010742188,-9.83439926147461,9.836913626940579
0.14894027709960939,-0.1633103942871094,-9.845176849365235,9.84765762434407
0.149688720703125,-0.16390914916992189,-9.84008743286133,9.842590797581844
0.154478759765625,-0.1682501220703125,-9.84158432006836,9.84423454209675
0.1579216003417969,-0.16450790405273438,-9.841734008789063,9.84437557095957
0.14654525756835937,-0.1634600830078125,-9.836195526123047,9.838645086564295
0.15417938232421877,-0.1634600830078125,-9.844129028320314,9.846693191467349
0.1477427673339844,-0.15837066650390627,-9.846524047851563,9.84890577771092
0.16166381835937502,-0.16645385742187502,-9.846224670410157,9.848958439196034
0.15462844848632815,-0.16615447998046876,-9.83245330810547,9.835072715764385
0.15777191162109375,-0.16031661987304688,-9.844129028320314,9.84669841728296
0.14938934326171877,-0.16615447998046876,-9.835896148681641,9.838433693162143
0.1525328063964844,-0.16735198974609375,-9.836345214843751,9.838951170276166
0.14983840942382814,-0.16780105590820313,-9.842632141113281,9.845202700228105
0.14938934326171877,-0.15013778686523438,-9.836943969726564,9.839223810568837
0.15702346801757813,-0.16795074462890625,-9.845625915527345,9.848310184525737
0.144898681640625,-0.16615447998046876,-9.837093658447266,9.839563739527387
0.1550775146484375,-0.16495697021484376,-9.83110610961914,9.83371278694689
0.15432907104492188,-0.16106506347656252,-9.837692413330078,9.840221107075514
0.16076568603515626,-0.16360977172851562,-9.836195526123047,9.838869660247282
0.14400054931640627,-0.1686991882324219,-9.83963836669922,9.842137916211751
0.15148498535156252,-0.1585203552246094,-9.843230895996093,9.8456726979775
0.1502874755859375,-0.16480728149414064,-9.839788055419922,9.842315618843772
0.15058685302734376,-0.17094451904296876,-9.830956420898438,9.833595607838454
0.15537689208984376,-0.1676513671875,-9.843679962158204,9.846333538780325
0.15702346801757813,-0.16555572509765626,-9.835896148681641,9.83854247921262
0.15627502441406252,-0.16256195068359375,-9.844278717041016,9.846861008963842
0.1538800048828125,-0.1675016784667969,-9.83724334716797,9.839872587569028
0.15717315673828125,-0.16705261230468751,-9.839937744140625,9.8426106691792
0.15837066650390627,-0.16435821533203127,-9.842183074951173,9.84482923020056
0.15522720336914064,-0.16495697021484376,-9.836644592285158,9.83925216272157
0.15657440185546875,-0.16615447998046876,-9.839488677978515,9.842136978248238
0.15402969360351562,-0.1622625732421875,-9.837692413330078,9.840236090078273
0.15881973266601562,-0.1634600830078125,-9.836345214843751,9.838985216565812
0.14594650268554688,-0.17049545288085938,-9.846524047851563,9.849081424479053
0.15328125,-0.168848876953125,-9.841284942626954,9.84392677780701
0.16136444091796875,-0.17169296264648437,-9.844877471923828,9.847696654213532
0.15163467407226563,-0.16510665893554688,-9.834548950195312,9.837103554247744
0.1537303161621094,-0.16645385742187502,-9.84682342529297,9.849430007145402
0.1526824951171875,-0.15911911010742188,-9.833501129150392,9.835973530490952
0.14998809814453126,-0.16540603637695314,-9.837842102050782,9.84037564381248
0.15328125,-0.1622625732421875,-9.834548950195312,9.837081749079067
0.154478759765625,-0.16061599731445314,-9.832303619384765,9.834828704638367
0.14459930419921876,-0.16510665893554688,-9.838141479492188,9.840589257666661
0.15582595825195314,-0.16151412963867187,-9.840237121582032,9.84279610437497
0.15328125,-0.16420852661132812,-9.834698638916016,9.837263689670516
0.14684463500976563,-0.16435821533203127,-9.842781829833985,9.84524916492662
0.15582595825195314,-0.16016693115234376,-9.82960922241211,9.832148932986577
0.154478759765625,-0.1627116394042969,-9.846074981689453,9.848630935813734
0.16196319580078125,-0.16645385742187502,-9.836195526123047,9.83893700516309
0.1634600830078125,-0.168848876953125,-9.834249572753906,9.837057171796635
0.15193405151367187,-0.1686991882324219,-9.837393035888672,9.840012455005867
0.1484912109375,-0.16660354614257813,-9.838889923095703,9.841420695209973
0.16136444091796875,-0.1669029235839844,-9.837393035888672,9.840131950906176
0.1525328063964844,-0.1621128845214844,-9.839937744140625,9.842455062275793
0.14594650268554688,-0.16540603637695314,-9.843081207275391,9.845552660543442
0.15657440185546875,-0.1627116394042969,-9.836943969726564,9.839535420153425
0.15717315673828125,-0.16420852661132812,-9.833351440429688,9.83597826311199
0.15328125,-0.16301101684570313,-9.843230895996093,9.845773824596353
0.1579216003417969,-0.16839981079101562,-9.835596771240235,9.83830582847272
0.15642471313476564,-0.16360977172851562,-9.837393035888672,9.83999687961512
0.1538800048828125,-0.16675323486328125,-9.841883697509767,9.844498992460135
0.15462844848632815,-0.17124389648437502,-9.834249572753906,9.836955783593561
0.15283218383789063,-0.15208374023437501,-9.836345214843751,9.838707960196801
0.15687377929687502,-0.1646575927734375,-9.830956420898438,9.833586611968853
0.15881973266601562,-0.16645385742187502,-9.840536499023438,9.843225547692544
0.14879058837890627,-0.16510665893554688,-9.83679428100586,9.839304882706125
0.15777191162109375,-0.1675016784667969,-9.835896148681641,9.838587390272858
0.15896942138671877,-0.16959732055664065,-9.83963836669922,9.84238374152803
0.1586700439453125,-0.16585510253906252,-9.842332763671875,9.84500880287736
0.15283218383789063,-0.1633103942871094,-9.83724334716797,9.839785802175744
0.1478924560546875,-0.16301101684570313,-9.837093658447266,9.839555702125699
0.1580712890625,-0.1675016784667969,-9.8435302734375,9.846224230068886
0.1490899658203125,-0.16555572509765626,-9.844129028320314,9.846649828354797
0.15043716430664064,-0.15971786499023438,-9.843829650878908,9.84627459155616
0.15717315673828125,-0.16585510253906252,-9.837393035888672,9.840046395154255
0.16061599731445314,-0.16076568603515626,-9.837542724609376,9.840167171492288
0.15208374023437501,-0.17094451904296876,-9.827812957763673,9.83047603249314
0.15537689208984376,-0.17094451904296876,-9.83110610961914,9.833819773911719
0.15013778686523438,-0.17004638671875,-9.839488677978515,9.842103158001763
0.1537303161621094,-0.16645385742187502,-9.83679428100586,9.839403519705222
0.15462844848632815,-0.16136444091796875,-9.840237121582032,9.8427747636952
0.15193405151367187,-0.1669029235839844,-9.837542724609376,9.84013147272053
0.15672409057617187,-0.16675323486328125,-9.83963836669922,9.8422991353303
0.154478759765625,-0.16106506347656252,-9.84158432006836,9.844114361937637
0.15522720336914064,-0.16181350708007813,-9.835447082519531,9.838002765235498
0.15777191162109375,-0.17274078369140625,-9.837542724609376,9.840324090849943
0.1483415222167969,-0.15522720336914064,-9.835596771240235,9.837940055637192
0.14983840942382814,-0.16420852661132812,-9.836644592285158,9.839156103248051
0.16091537475585938,-0.16151412963867187,-9.838440856933595,9.841082210168047
0.15283218383789063,-0.17199234008789063,-9.830207977294922,9.832900280097336
0.1537303161621094,-0.16316070556640624,-9.831854553222657,9.834409915275716
0.16001724243164064,-0.16660354614257813,-9.83679428100586,9.839506287730716
0.1538800048828125,-0.16480728149414064,-9.830806732177734,9.83339216656019
0.15717315673828125,-0.16301101684570313,-9.833351440429688,9.835958343944567
0.15283218383789063,-0.17184265136718752,-9.844129028320314,9.846814911404815
0.154478759765625,-0.16360977172851562,-9.827962646484375,9.8305382164618
0.15552658081054688,-0.16001724243164064,-9.83724334716797,9.839773915421762
0.15298187255859375,-0.1633103942871094,-9.832004241943359,9.8345503787314
0.15462844848632815,-0.164058837890625,-9.838590545654297,9.84117316098083
0.15058685302734376,-0.16600479125976564,-9.833201751708986,9.835755724947552
0.1627116394042969,-0.16959732055664065,-9.834698638916016,9.837506576721267
0.15627502441406252,-0.16585510253906252,-9.839788055419922,9.842426467791284
0.154478759765625,-0.1622625732421875,-9.841734008789063,9.844283677832996
0.15432907104492188,-0.16375946044921877,-9.835297393798829,9.83787118473922
0.1627116394042969,-0.1734892272949219,-9.8483203125,9.851192139390294
0.15133529663085937,-0.16360977172851562,-9.838590545654297,9.841114492497764
0.16600479125976564,-0.17094451904296876,-9.834548950195312,9.837435269067836
0.16031661987304688,-0.16390914916992189,-9.840985565185548,9.84365605463638
0.15522720336914064,-0.16974700927734376,-9.837692413330078,9.840381168995263
0.1598675537109375,-0.16435821533203127,-9.838740234375,9.841411517520548
0.15193405151367187,-0.17154327392578125,-9.82721420288086,9.829885555800832
0.15702346801757813,-0.16106506347656252,-9.83290237426758,9.835474946643807
0.15432907104492188,-0.16675323486328125,-9.843380584716797,9.846002510617522
0.154478759765625,-0.17049545288085938,-9.834698638916016,9.83738937447168
0.15971786499023438,-0.16540603637695314,-9.842632141113281,9.84531748693475
0.15088623046875002,-0.16016693115234376,-9.842482452392579,9.844941895513434
0.15103591918945314,-0.16046630859375,-9.834998016357423,9.83746650651648
0.14624588012695314,-0.16914825439453127,-9.840835876464844,9.843375931911593
0.154478759765625,-0.16256195068359375,-9.834099884033204,9.83665647484808
0.1525328063964844,-0.16645385742187502,-9.843230895996093,9.845819804138701
0.15612533569335937,-0.15777191162109375,-9.83724334716797,9.839747139431095
0.14864089965820312,-0.16705261230468751,-9.845326538085938,9.847865521719328
0.14819183349609374,-0.16196319580078125,-9.83290237426758,9.835352662624047
0.15223342895507813,-0.15762222290039063,-9.842632141113281,9.845071215959775
0.15148498535156252,-0.16660354614257813,-9.837393035888672,9.839969826423513
0.15223342895507813,-0.16256195068359375,-9.844129028320314,9.846648045447756
0.15777191162109375,-0.16181350708007813,-9.833052062988282,9.835648858138859
0.1579216003417969,-0.16630416870117187,-9.835147705078125,9.837821236894143
0.1478924560546875,-0.15911911010742188,-9.84637435913086,9.848770435435528
0.15911911010742188,-0.162861328125,-9.834099884033204,9.83673539506588
0.1525328063964844,-0.16495697021484376,-9.837093658447266,9.83965897295801
0.15328125,-0.1586700439453125,-9.838740234375,9.841213376609442
0.16016693115234376,-0.1681004333496094,-9.847871246337892,9.850608066813729
0.1550775146484375,-0.1622625732421875,-9.83439926147461,9.83696025265514
0.14669494628906252,-0.1675016784667969,-9.827663269042969,9.830185224564808
0.15088623046875002,-0.17079483032226564,-9.840536499023438,9.843175103452257
0.1579216003417969,-0.16151412963867187,-9.835746459960937,9.838340026171162
0.15283218383789063,-0.1574725341796875,-9.834249572753906,9.836697613256597
0.15537689208984376,-0.15762222290039063,-9.838889923095703,9.841379052883886
0.1538800048828125,-0.16256195068359375,-9.845775604248047,9.848319790345904
0.15402969360351562,-0.1694476318359375,-9.835147705078125,9.837813173015125
0.15492782592773438,-0.1627116394042969,-9.837692413330078,9.840257604765055
0.15522720336914064,-0.16495697021484376,-9.837393035888672,9.84000040798979
0.15328125,-0.16630416870117187,-9.844727783203126,9.847325390353488
0.15148498535156252,-0.1633103942871094,-9.841883697509767,9.84440413133155
0.1526824951171875,-0.16076568603515626,-9.839937744140625,9.842435285979018
0.15208374023437501,-0.16196319580078125,-9.83245330810547,9.83496312127869
0.15762222290039063,-0.16525634765625,-9.848470001220704,9.85111748942915
0.15477813720703126,-0.16735198974609375,-9.836494903564454,9.839135884216597
0.16106506347656252,-0.1675016784667969,-9.838590545654297,9.841334395903841
0.15238311767578125,-0.16166381835937502,-9.836943969726564,9.83945234595193
0.15298187255859375,-0.17528549194335938,-9.843230895996093,9.845980039026557
0.15073654174804688,-0.164058837890625,-9.837093658447266,9.839616275667034
0.15522720336914064,-0.16241226196289063,-9.838889923095703,9.841454574720949
0.15163467407226563,-0.17049545288085938,-9.830657043457032,9.833304616450434
0.15672409057617187,-0.16046630859375,-9.837842102050782,9.840398828383105
0.15687377929687502,-0.16390914916992189,-9.83829116821289,9.840906904465069
0.1471440124511719,-0.16795074462890625,-9.837692413330078,9.8402261575796
0.15522720336914064,-0.1585203552246094,-9.842033386230469,9.844533780904078
0.15702346801757813,-0.16316070556640624,-9.83724334716797,9.839849310672887
0.15522720336914064,-0.16839981079101562,-9.84008743286133,9.84275239286734
0.1477427673339844,-0.16360977172851562,-9.832752685546875,9.835223508280524
0.1622625732421875,-0.17064514160156252,-9.83005828857422,9.832878259380319
0.15402969360351562,-0.16241226196289063,-9.835147705078125,9.837694509896666
0.1573228454589844,-0.168848876953125,-9.839039611816407,9.841745826012984
0.15627502441406252,-0.16420852661132812,-9.83829116821289,9.840902368888905
0.15358062744140627,-0.168848876953125,-9.842332763671875,9.844978983381452
0.15582595825195314,-0.16974700927734376,-9.84113525390625,9.843832529157542
0.14864089965820312,-0.1634600830078125,-9.838440856933595,9.840921288739604
0.154478759765625,-0.1621128845214844,-9.840536499023438,9.84308401179016
0.15208374023437501,-0.17753082275390625,-9.839338989257813,9.842115545074662
0.154478759765625,-0.16301101684570313,-9.842332763671875,9.844894641878126
0.15762222290039063,-0.1585203552246094,-9.83963836669922,9.842177434673278
0.16136444091796875,-0.16001724243164064,-9.835896148681641,9.838521080341218
0.14415023803710938,-0.16241226196289063,-9.828411712646485,9.830810435932973
0.15013778686523438,-0.16705261230468751,-9.842033386230469,9.844595934115214
0.15941848754882812,-0.1686991882324219,-9.846673736572265,9.849408984542405
0.15702346801757813,-0.16645385742187502,-9.83679428100586,9.839455522689681
0.15702346801757813,-0.16106506347656252,-9.8483203125,9.850888858462524
0.15567626953125,-0.17393829345703127,-9.841284942626954,9.844052973892508
0.1525328063964844,-0.1621128845214844,-9.839039611816407,9.841557159679937
0.1550775146484375,-0.168848876953125,-9.84008743286133,9.842757726630953
0.15822097778320313,-0.17034576416015626,-9.843679962158204,9.846425074846856
0.15073654174804688,-0.16166381835937502,-9.843230895996093,9.845712324005651
0.1477427673339844,-0.16570541381835938,-9.836644592285158,9.839149508184184
0.16046630859375,-0.1598675537109375,-9.835297393798829,9.837905361172634
0.15837066650390627,-0.15552658081054688,-9.845326538085938,9.847828411730514
0.15777191162109375,-0.16256195068359375,-9.83245330810547,9.835062603765206
0.15417938232421877,-0.16839981079101562,-9.840985565185548,9.843633814420295
0.1621128845214844,-0.15133529663085937,-9.84397933959961,9.846477146563547
0.1484912109375,-0.16375946044921877,-9.84158432006836,9.844066676411112
0.1598675537109375,-0.16510665893554688,-9.832602996826173,9.835288482639918
0.1502874755859375,-0.16301101684570313,-9.833201751708986,9.835701073474311
0.15642471313476564,-0.16720230102539063,-9.836345214843751,9.839009730960075
0.15358062744140627,-0.17378860473632812,-9.829758911132814,9.832494583738985
0.15163467407226563,-0.16645385742187502,-9.835896148681641,9.838473103519771
0.15118560791015626,-0.16839981079101562,-9.840985565185548,9.84358737851724
0.15432907104492188,-0.16570541381835938,-9.837393035888672,9.83999885614268
0.15208374023437501,-0.15582595825195314,-9.840386810302736,9.842795526154593
0.15103591918945314,-0.16540603637695314,-9.842033386230469,9.844581869304076
0.15208374023437501,-0.15672409057617187,-9.837393035888672,9.839816748657546
0.15567626953125,-0.16121475219726564,-9.842781829833985,9.845332876390277
0.15103591918945314,-0.16106506347656252,-9.836195526123047,9.838673499597451
0.15402969360351562,-0.16136444091796875,-9.83829116821289,9.840819922132512
0.15492782592773438,-0.16780105590820313,-9.841434631347656,9.844084285940443
0.1574725341796875,-0.15687377929687502,-9.842781829833985,9.845291317749918
0.15642471313476564,-0.16106506347656252,-9.835297393798829,9.837859801299164
0.1550775146484375,-0.162861328125,-9.842033386230469,9.844602278580043
0.1531315612792969,-0.16555572509765626,-9.841434631347656,9.844018162125739
0.15358062744140627,-0.16046630859375,-9.839788055419922,9.842294723330712
0.15343093872070312,-0.16525634765625,-9.830657043457032,9.833243036733545
0.16016693115234376,-0.16420852661132812,-9.840386810302736,9.843060015179562
0.15148498535156252,-0.16166381835937502,-9.840686187744142,9.843179747246914
0.15043716430664064,-0.1669029235839844,-9.832602996826173,9.835170035108725
0.15612533569335937,-0.1728904724121094,-9.8339501953125,9.836708935400244
0.15402969360351562,-0.16076568603515626,-9.829908599853516,9.832429701441656
0.15343093872070312,-0.16480728149414064,-9.840985565185548,9.843561316270678
0.15657440185546875,-0.1598675537109375,-9.840835876464844,9.843379700365292
0.1574725341796875,-0.1669029235839844,-9.824220428466797,9.826899877989304
0.15223342895507813,-0.16091537475585938,-9.840686187744142,9.84317903019053
0.1574725341796875,-0.16256195068359375,-9.830357666015626,9.832962718765042
0.1526824951171875,-0.16420852661132812,-9.851463775634766,9.85401516678207
0.15133529663085937,-0.15896942138671877,-9.834099884033204,9.836548895729857
0.15567626953125,-0.1675016784667969,-9.838141479492188,9.84079873199778
0.15402969360351562,-0.17274078369140625,-9.84158432006836,9.844305280408431
0.15492782592773438,-0.1622625732421875,-9.841284942626954,9.84384178539547
0.15013778686523438,-0.16645385742187502,-9.837692413330078,9.840245945147284
0.15178436279296875,-0.1676513671875,-9.827663269042969,9.830265042378288
0.15837066650390627,-0.16390914916992189,-9.837842102050782,9.8404819344417
0.15238311767578125,-0.1646575927734375,-9.83155517578125,9.834114597249801
0.15702346801757813,-0.16630416870117187,-9.836045837402343,9.838704750195303
0.15627502441406252,-0.16540603637695314,-9.83110610961914,9.833739287713312
0.15118560791015626,-0.16510665893554688,-9.827064514160156,9.829614146157
0.15163467407226563,-0.159268798828125,-9.838590545654297,9.841047888802253
0.1490899658203125,-0.16510665893554688,-9.839039611816407,9.841554171452064
0.15597564697265626,-0.16615447998046876,-9.836644592285158,9.839284148178614
0.1477427673339844,-0.16780105590820313,-9.835746459960937,9.838287124509913
0.15238311767578125,-0.16495697021484376,-9.842332763671875,9.844894394935066
0.15477813720703126,-0.16016693115234376,-9.837692413330078,9.840213500574274
0.15058685302734376,-0.15881973266601562,-9.841284942626954,9.843718272571843
0.1574725341796875,-0.16136444091796875,-9.839488677978515,9.84207160743515
0.15672409057617187,-0.16256195068359375,-9.841284942626954,9.843875159222256
0.15298187255859375,-0.16375946044921877,-9.843679962158204,9.84623053821172
0.15402969360351562,-0.1622625732421875,-9.839039611816407,9.841582940364782
0.15627502441406252,-0.15911911010742188,-9.842482452392579,9.845008969021452
0.15881973266601562,-0.16450790405273438,-9.83918930053711,9.841845998072914
0.15118560791015626,-0.16151412963867187,-9.830507354736328,9.83299642802931
0.16046630859375,-0.15956817626953126,-9.841284942626954,9.843886466281887
0.149688720703125,-0.16181350708007813,-9.831405487060547,9.833876355496011
0.15058685302734376,-0.15971786499023438,-9.836195526123047,9.838644653854756
0.15193405151367187,-0.16390914916992189,-9.845775604248047,9.848311906839514
0.15178436279296875,-0.17124389648437502,-9.835596771240235,9.838258322045775
0.15717315673828125,-0.16046630859375,-9.837542724609376,9.84010669128682
0.1490899658203125,-0.16929794311523438,-9.842183074951173,9.844768016175225
0.15402969360351562,-0.16151412963867187,-9.829908599853516,9.832441967388297
0.1574725341796875,-0.16196319580078125,-9.84008743286133,9.842680039611693
0.14684463500976563,-0.1622625732421875,-9.829908599853516,9.832344357831474
0.15522720336914064,-0.16615447998046876,-9.843679962158204,9.846305804375483
0.15627502441406252,-0.16016693115234376,-9.844877471923828,9.847420361002351
0.15193405151367187,-0.16121475219726564,-9.840536499023438,9.84302965254844
0.15417938232421877,-0.1676513671875,-9.845625915527345,9.848260147424893
0.15073654174804688,-0.16989669799804688,-9.840686187744142,9.843306915801577
0.15687377929687502,-0.15522720336914064,-9.838590545654297,9.841065429735481
0.15043716430664064,-0.1646575927734375,-9.831704864501953,9.834234286711597
0.15597564697265626,-0.16854949951171877,-9.841284942626954,9.843963970789927
0.1526824951171875,-0.1681004333496094,-9.837393035888672,9.840013792803264
0.1574725341796875,-0.17139358520507814,-9.833351440429688,9.836105627283139
0.15298187255859375,-0.15687377929687502,-9.844727783203126,9.847165986279197
0.15777191162109375,-0.17034576416015626,-9.832004241943359,9.834745399300182
0.15687377929687502,-0.154478759765625,-9.834548950195312,9.837013069201308
0.15477813720703126,-0.1550775146484375,-9.828112335205079,9.83055427637308
0.154478759765625,-0.16615447998046876,-9.836045837402343,9.838661937169926
0.16121475219726564,-0.15956817626953126,-9.837093658447266,9.839708524355151
0.1483415222167969,-0.17169296264648437,-9.835596771240235,9.838213634957683
0.1573228454589844,-0.1634600830078125,-9.841284942626954,9.84389958291003
0.15118560791015626,-0.16839981079101562,-9.837991790771484,9.840594395645049
0.15223342895507813,-0.1675016784667969,-9.837842102050782,9.840445571927297
0.15133529663085937,-0.16570541381835938,-9.84158432006836,9.844142552055535
0.16091537475585938,-0.16854949951171877,-9.842183074951173,9.844941359524382
0.1538800048828125,-0.16570541381835938,-9.843380584716797,9.845977791750855
0.15043716430664064,-0.16495697021484376,-9.837393035888672,9.839926010137374
0.15178436279296875,-0.16660354614257813,-9.834698638916016,9.837280749916223
0.15567626953125,-0.16480728149414064,-9.833052062988282,9.835665173965955
0.1454974365234375,-0.159268798828125,-9.83439926147461,9.83676496051458
0.15702346801757813,-0.16420852661132812,-9.839039611816407,9.841662526860617
0.14759307861328125,-0.16929794311523438,-9.831255798339845,9.833821031663552
0.15238311767578125,-0.15672409057617187,-9.847422180175782,9.849848052114178
0.15522720336914064,-0.16390914916992189,-9.841883697509767,9.844472378403829
0.15777191162109375,-0.1633103942871094,-9.83724334716797,9.839863765946115
0.16061599731445314,-0.1537303161621094,-9.831704864501953,9.834218375212744
0.15238311767578125,-0.16151412963867187,-9.837991790771484,9.840497441893506
0.15462844848632815,-0.16016693115234376,-9.835596771240235,9.838116041669126
0.15522720336914064,-0.1675016784667969,-9.83439926147461,9.837050428408272
0.16091537475585938,-0.16106506347656252,-9.834249572753906,9.836884688340913
0.15567626953125,-0.16660354614257813,-9.836494903564454,9.839137351939545
0.15492782592773438,-0.1621128845214844,-9.834698638916016,9.83725472562702
0.15283218383789063,-0.1579216003417969,-9.836644592285158,9.839099234340713
0.1531315612792969,-0.16585510253906252,-9.846524047851563,9.84911128046674
0.15402969360351562,-0.17453704833984376,-9.83724334716797,9.839997205241232
0.154478759765625,-0.17558486938476564,-9.835147705078125,9.837927836403308
0.149688720703125,-0.1646575927734375,-9.8435302734375,9.846045250761557
0.15657440185546875,-0.17064514160156252,-9.832153930664063,9.83488109861738
0.1537303161621094,-0.16390914916992189,-9.843380584716797,9.84594538654712
0.15118560791015626,-0.16525634765625,-9.834698638916016,9.837248805777783
0.1490899658203125,-0.16360977172851562,-9.83724334716797,9.839733362582232
0.1525328063964844,-0.16720230102539063,-9.833201751708986,9.83580599423901
0.15762222290039063,-0.16675323486328125,-9.841734008789063,9.844408550352055
0.1526824951171875,-0.16420852661132812,-9.83724334716797,9.839798425573948
0.15477813720703126,-0.164058837890625,-9.837542724609376,9.840127968302149
0.16061599731445314,-0.16555572509765626,-9.837842102050782,9.84054589042645
0.15432907104492188,-0.162861328125,-9.835896148681641,9.838454874725937
0.15837066650390627,-0.164058837890625,-9.829459533691407,9.832104113300256
0.1579216003417969,-0.16974700927734376,-9.84008743286133,9.842818395427631
0.15118560791015626,-0.16301101684570313,-9.832602996826173,9.835116235858491
0.1574725341796875,-0.17139358520507814,-9.837393035888672,9.840146091528386
0.14983840942382814,-0.1676513671875,-9.833650817871094,9.836221171653031
0.14864089965820312,-0.1675016784667969,-9.828711090087891,9.831262005549293
0.15088623046875002,-0.16450790405273438,-9.833800506591798,9.836333763577057
0.15552658081054688,-0.1622625732421875,-9.834099884033204,9.836668043049723
0.15687377929687502,-0.16735198974609375,-9.834099884033204,9.836774705168597
0.1526824951171875,-0.1669029235839844,-9.834249572753906,9.836850776006845
0.15492782592773438,-0.16151412963867187,-9.837093658447266,9.839639276436055
0.14804214477539063,-0.16166381835937502,-9.83155517578125,9.833998619138978
0.15343093872070312,-0.16854949951171877,-9.842183074951173,9.84482187079064
0.14579681396484376,-0.1676513671875,-9.835297393798829,9.83780659071666
0.15298187255859375,-0.16720230102539063,-9.838740234375,9.84134998170013
0.15298187255859375,-0.1675016784667969,-9.832303619384765,9.834920168938204
0.15462844848632815,-0.16435821533203127,-9.83829116821289,9.840878857630765
0.15148498535156252,-0.17049545288085938,-9.842183074951173,9.844825243806785
0.15612533569335937,-0.15762222290039063,-9.847721557617188,9.850220290021728
0.14609619140625002,-0.16795074462890625,-9.835447082519531,9.837965788861373
0.15477813720703126,-0.17079483032226564,-9.834698638916016,9.837399273391247
0.15477813720703126,-0.16256195068359375,-9.828112335205079,9.83067519212071
0.15911911010742188,-0.16181350708007813,-9.842332763671875,9.844948792813693
0.15762222290039063,-0.15971786499023438,-9.847721557617188,9.850277886329268
0.14953903198242188,-0.16705261230468751,-9.832153930664063,9.834709930325188
0.15013778686523438,-0.16256195068359375,-9.829309844970703,9.831800433862194
0.15402969360351562,-0.16480728149414064,-9.842183074951173,9.844767862545078
0.14879058837890627,-0.16316070556640624,-9.83110610961914,9.833585683443342
0.16031661987304688,-0.16540603637695314,-9.84442840576172,9.847122991597377
0.15417938232421877,-0.15627502441406252,-9.843081207275391,9.845528976048339
0.15103591918945314,-0.1694476318359375,-9.840835876464844,9.84345341312376
0.1550775146484375,-0.16854949951171877,-9.833650817871094,9.836317724491826
0.15822097778320313,-0.16660354614257813,-9.842931518554687,9.845612804612786
0.15178436279296875,-0.16630416870117187,-9.834548950195312,9.83712603472699
0.15642471313476564,-0.1676513671875,-9.836195526123047,9.838867724485485
0.1531315612792969,-0.16570541381835938,-9.835896148681641,9.838483653840102
0.14998809814453126,-0.1694476318359375,-9.840835876464844,9.843437391330196
0.15402969360351562,-0.16301101684570313,-9.831255798339845,9.833813518188936
0.15283218383789063,-0.16420852661132812,-9.837393035888672,9.839950399223538
0.15163467407226563,-0.16181350708007813,-9.837393035888672,9.83989219595446
0.15238311767578125,-0.16061599731445314,-9.834698638916016,9.8371904236648
0.15103591918945314,-0.1634600830078125,-9.845176849365235,9.847692026200834
0.15043716430664064,-0.16645385742187502,-9.825118560791017,9.827679937841657
0.14744338989257813,-0.16600479125976564,-9.842482452392579,9.844986438263897
0.159268798828125,-0.16316070556640624,-9.841284942626954,9.843925908299854
0.1531315612792969,-0.1585203552246094,-9.839039611816407,9.84150793633642
0.149688720703125,-0.1634600830078125,-9.833052062988282,9.83554974494465
0.14983840942382814,-0.16735198974609375,-9.840386810302736,9.84295031043999
0.15567626953125,-0.16839981079101562,-9.841284942626954,9.843956669914066
0.16016693115234376,-0.16256195068359375,-9.833501129150392,9.836148854640562
0.15402969360351562,-0.16151412963867187,-9.844129028320314,9.846658737196247
0.1490899658203125,-0.16525634765625,-9.826615447998048,9.829135701636378
0.1580712890625,-0.16450790405273438,-9.834249572753906,9.836895549009967
0.15417938232421877,-0.16839981079101562,-9.838440856933595,9.841089790952452
0.1526824951171875,-0.16151412963867187,-9.83679428100586,9.839304878151593
0.14684463500976563,-0.16031661987304688,-9.828711090087891,9.831115219437486
0.15612533569335937,-0.16091537475585938,-9.838889923095703,9.84144419265142
0.1538800048828125,-0.16435821533203127,-9.841734008789063,9.844309065577182
0.15462844848632815,-0.16675323486328125,-9.835746459960937,9.838375121078316
0.15343093872070312,-0.1622625732421875,-9.835596771240235,9.838131633702774
0.15627502441406252,-0.16780105590820313,-9.834249572753906,9.836922472848402
0.15432907104492188,-0.16016693115234376,-9.833201751708986,9.835716933595487
0.1538800048828125,-0.16555572509765626,-9.831405487060547,9.834003335621743
0.15208374023437501,-0.16615447998046876,-9.842183074951173,9.844760253866855
0.15657440185546875,-0.1681004333496094,-9.833052062988282,9.835735161768378
0.15402969360351562,-0.16854949951171877,-9.850865020751954,9.853510833067148
0.15971786499023438,-0.15762222290039063,-9.829010467529297,9.831571661354536
0.15298187255859375,-0.17004638671875,-9.838740234375,9.841398712910532
0.15103591918945314,-0.16196319580078125,-9.835297393798829,9.837790338797907
0.15687377929687502,-0.1682501220703125,-9.837991790771484,9.84068086879636
0.15822097778320313,-0.16630416870117187,-9.837991790771484,9.840669358820323
0.1525328063964844,-0.16450790405273438,-9.835447082519531,9.838005307000245
0.1550775146484375,-0.16136444091796875,-9.834099884033204,9.836646178829662
0.15627502441406252,-0.164058837890625,-9.835896148681641,9.838505487786037
0.15492782592773438,-0.1525328063964844,-9.837093658447266,9.8394959491499
0.14983840942382814,-0.17483642578125,-9.84158432006836,9.844277589225836
0.1526824951171875,-0.16106506347656252,-9.830207977294922,9.832712889933308
0.15298187255859375,-0.15777191162109375,-9.838740234375,9.841194278589239
0.14744338989257813,-0.16046630859375,-9.83829116821289,9.840704349788814
0.1525328063964844,-0.17004638671875,-9.832602996826173,9.835256159544516
0.15911911010742188,-0.1681004333496094,-9.840985565185548,9.84370730675613
0.14983840942382814,-0.17274078369140625,-9.836943969726564,9.839601495529623
0.15343093872070312,-0.16196319580078125,-9.8339501953125,9.836480548124795
0.15477813720703126,-0.15672409057617187,-9.830806732177734,9.833274109764014
0.1574725341796875,-0.1633103942871094,-9.844278717041016,9.84689247136831
0.15657440185546875,-0.16615447998046876,-9.833650817871094,9.836300689911367
0.14998809814453126,-0.1598675537109375,-9.833650817871094,9.836093862511245
0.1538800048828125,-0.17094451904296876,-9.834848327636719,9.837537431294091
0.14564712524414064,-0.16630416870117187,-9.82571731567383,9.828203850610334
0.14894027709960939,-0.16061599731445314,-9.841284942626954,9.843722366397369
0.1526824951171875,-0.15911911010742188,-9.8339501953125,9.836422483779524
0.1550775146484375,-0.16031661987304688,-9.83005828857422,9.832588489859818
0.15717315673828125,-0.16106506347656252,-9.841284942626954,9.843857713206129
0.15477813720703126,-0.16495697021484376,-9.831405487060547,9.834007368554488
0.14879058837890627,-0.173638916015625,-9.82676513671875,9.829425322193373
0.15133529663085937,-0.1573228454589844,-9.841883697509767,9.844304321028387
0.15163467407226563,-0.16839981079101562,-9.837542724609376,9.84015235802629
0.16196319580078125,-0.16390914916992189,-9.835896148681641,9.838594987782857
0.1454974365234375,-0.164058837890625,-9.826016693115236,9.828463199285236
0.15193405151367187,-0.16705261230468751,-9.840386810302736,9.842977349748766
0.15537689208984376,-0.16735198974609375,-9.842033386230469,9.844682312941472
0.14804214477539063,-0.16241226196289063,-9.833351440429688,9.835806767645764
0.15612533569335937,-0.16630416870117187,-9.846673736572265,9.849315502687217
0.1580712890625,-0.15702346801757813,-9.844877471923828,9.847398404610603
0.1526824951171875,-0.1634600830078125,-9.832153930664063,9.834697863143784
0.15627502441406252,-0.16151412963867187,-9.846973114013672,9.849537461497198
0.1526824951171875,-0.16016693115234376,-9.830657043457032,9.83314717149201
0.15462844848632815,-0.16390914916992189,-9.83155517578125,9.834137142662492
0.15238311767578125,-0.16166381835937502,-9.832004241943359,9.834513878088298
0.15298187255859375,-0.1772314453125,-9.837393035888672,9.840178666116284
0.15223342895507813,-0.1579216003417969,-9.837842102050782,9.840287164185245
0.15358062744140627,-0.168848876953125,-9.82960922241211,9.832258866491607
0.14759307861328125,-0.17169296264648437,-9.83439926147461,9.837005185744756
0.15417938232421877,-0.164058837890625,-9.841434631347656,9.844009456888635
0.1538800048828125,-0.17154327392578125,-9.842931518554687,9.845628828555807
0.15358062744140627,-0.16435821533203127,-9.83918930053711,9.8417603468016
0.1525328063964844,-0.16031661987304688,-9.839338989257813,9.841827036742906
0.15537689208984376,-0.16076568603515626,-9.833351440429688,9.835892848918316
0.1538800048828125,-0.15597564697265626,-9.839488677978515,9.841927905772256
0.1550775146484375,-0.16435821533203127,-9.831405487060547,9.834002059665275
0.15088623046875002,-0.16854949951171877,-9.837991790771484,9.84059236345139
0.16046630859375,-0.16256195068359375,-9.837692413330078,9.84034388846731
0.1526824951171875,-0.173638916015625,-9.826316070556642,9.8290360634169
0.15417938232421877,-0.16316070556640624,-9.842482452392579,9.8450420782966
0.15911911010742188,-0.159268798828125,-9.837393035888672,9.83996886092799
0.15358062744140627,-0.17378860473632812,-9.840686187744142,9.84341882345356
0.15597564697265626,-0.1598675537109375,-9.827663269042969,9.830200983035615
0.15432907104492188,-0.16061599731445314,-9.83439926147461,9.83692145921961
0.1586700439453125,-0.1627116394042969,-9.842632141113281,9.84525564552386
0.15672409057617187,-0.17124389648437502,-9.838141479492188,9.840879771806728
0.15328125,-0.17154327392578125,-9.832004241943359,9.834695198633405
0.14953903198242188,-0.1627116394042969,-9.837842102050782,9.840323888194272
0.16121475219726564,-0.16720230102539063,-9.840686187744142,9.843426814450979
0.15432907104492188,-0.16675323486328125,-9.833800506591798,9.836424986088801
0.15537689208984376,-0.16540603637695314,-9.837093658447266,9.839711011027145
0.154478759765625,-0.16585510253906252,-9.839338989257813,9.841949164052105
0.147293701171875,-0.17154327392578125,-9.844578094482422,9.847174233636634
0.15582595825195314,-0.16121475219726564,-9.8243701171875,9.826928315861366
0.15432907104492188,-0.17049545288085938,-9.841284942626954,9.843971530007522
0.15612533569335937,-0.16480728149414064,-9.837542724609376,9.840161757765658
0.16435821533203127,-0.17154327392578125,-9.831255798339845,9.83412585287412
0.15148498535156252,-0.1682501220703125,-9.838590545654297,9.841195035634735
0.15118560791015626,-0.159268798828125,-9.843679962158204,9.846129129547014
0.15043716430664064,-0.16660354614257813,-9.838889923095703,9.841450248859976
0.15522720336914064,-0.16480728149414064,-9.835297393798829,9.837902812549295
0.15462844848632815,-0.1633103942871094,-9.837093658447266,9.839664216172567
0.1531315612792969,-0.16450790405273438,-9.833201751708986,9.835769863888048
0.15328125,-0.16435821533203127,-9.838141479492188,9.84070813178876
0.15911911010742188,-0.1676513671875,-9.839039611816407,9.84175423158969
0.16031661987304688,-0.15837066650390627,-9.837393035888672,9.839973802260216
0.15687377929687502,-0.16929794311523438,-9.829309844970703,9.832019284186332
0.15477813720703126,-0.159268798828125,-9.840985565185548,9.843491236153348
0.15777191162109375,-0.16630416870117187,-9.840536499023438,9.843206166754632
0.15432907104492188,-0.16495697021484376,-9.83245330810547,9.835047855514798
0.1526824951171875,-0.16600479125976564,-9.835447082519531,9.838032773277305
0.15358062744140627,-0.15911911010742188,-9.84008743286133,9.84257215298329
0.1538800048828125,-0.16420852661132812,-9.832602996826173,9.83517794395758
0.15298187255859375,-0.16435821533203127,-9.834099884033204,9.836662930355017
0.15612533569335937,-0.16495697021484376,-9.834548950195312,9.837171289362383
0.15238311767578125,-0.16435821533203127,-9.84008743286133,9.842639631920656
0.15642471313476564,-0.17124389648437502,-9.840536499023438,9.84326936294923
0.1531315612792969,-0.16510665893554688,-9.830956420898438,9.83353515443398
0.1550775146484375,-0.16720230102539063,-9.834698638916016,9.837342271330924
0.1550775146484375,-0.16420852661132812,-9.841284942626954,9.843876411136895
0.15612533569335937,-0.16106506347656252,-9.829010467529297,9.831569754923095
0.15043716430664064,-0.16360977172851562,-9.844578094482422,9.847086744625175
0.15013778686523438,-0.1646575927734375,-9.832153930664063,9.834678662476753
0.16301101684570313,-0.15956817626953126,-9.844129028320314,9.84677159889015
0.1579216003417969,-0.17004638671875,-9.837393035888672,9.840129915201402
0.15148498535156252,-0.1634600830078125,-9.83829116821289,9.840815007409683
0.16001724243164064,-0.16181350708007813,-9.838889923095703,9.841521429522121
0.1538800048828125,-0.16016693115234376,-9.839338989257813,9.841845571195805
0.1483415222167969,-0.1574725341796875,-9.84008743286133,9.842465315793094
0.15582595825195314,-0.16839981079101562,-9.844129028320314,9.846802351614368
0.16016693115234376,-0.16645385742187502,-9.834848327636719,9.837560772879838
0.1574725341796875,-0.1550775146484375,-9.829160156250001,9.831644623957024
0.1525328063964844,-0.16780105590820313,-9.834848327636719,9.837462329229519
0.15552658081054688,-0.1621128845214844,-9.837842102050782,9.84040681727892
0.15567626953125,-0.16585510253906252,-9.828262023925781,9.830894029887368
0.14953903198242188,-0.1681004333496094,-9.840835876464844,9.843407460086988
0.14879058837890627,-0.1633103942871094,-9.834548950195312,9.837030140131729
0.1502874755859375,-0.1621128845214844,-9.83005828857422,9.832543560514369
0.14864089965820312,-0.16645385742187502,-9.84397933959961,9.846508530548572
0.15417938232421877,-0.16016693115234376,-9.84442840576172,9.846938375146706
0.15896942138671877,-0.16735198974609375,-9.836494903564454,9.839202709226875
0.15702346801757813,-0.16046630859375,-9.8339501953125,9.83651270774296
0.14864089965820312,-0.16735198974609375,-9.833501129150392,9.836048254381696
0.154478759765625,-0.16390914916992189,-9.839488677978515,9.84206621296909
0.15462844848632815,-0.16585510253906252,-9.83829116821289,9.84090397182369
0.15343093872070312,-0.16301101684570313,-9.831255798339845,9.833804157952333
0.16091537475585938,-0.16780105590820313,-9.841434631347656,9.844180339433331
0.15133529663085937,-0.16899856567382812,-9.831704864501953,9.834321706649499
0.16136444091796875,-0.1633103942871094,-9.832153930664063,9.834833993715796
0.1537303161621094,-0.16645385742187502,-9.83918930053711,9.841797904273479
0.15013778686523438,-0.16136444091796875,-9.840985565185548,9.843453496208934
0.15088623046875002,-0.16660354614257813,-9.837542724609376,9.840110276549101
0.16061599731445314,-0.16570541381835938,-9.836943969726564,9.839650524602073
0.1579216003417969,-0.168848876953125,-9.834998016357423,9.83771493573875
0.15223342895507813,-0.16495697021484376,-9.842482452392579,9.84504172893999
0.1574725341796875,-0.16839981079101562,-9.837842102050782,9.840543344763965
0.15642471313476564,-0.15971786499023438,-9.827513580322266,9.830056035379194
0.1538800048828125,-0.15837066650390627,-9.841883697509767,9.844360570358043
0.15343093872070312,-0.1675016784667969,-9.83439926147461,9.837022247577682
0.15193405151367187,-0.162861328125,-9.837692413330078,9.840213401522355
0.1538800048828125,-0.16585510253906252,-9.838740234375,9.84134118758467
0.15971786499023438,-0.16420852661132812,-9.839338989257813,9.842005180964795
0.15477813720703126,-0.16031661987304688,-9.835746459960937,9.838270483931558
0.1526824951171875,-0.16136444091796875,-9.840237121582032,9.842744385387086
0.15328125,-0.16016693115234376,-9.829309844970703,9.831809630778777
0.1525328063964844,-0.15837066650390627,-9.835147705078125,9.837605293247924
0.14938934326171877,-0.16839981079101562,-9.833800506591798,9.83637677580519
0.15208374023437501,-0.16570541381835938,-9.84008743286133,9.842657590029628
0.15896942138671877,-0.16420852661132812,-9.831255798339845,9.833912054189762
0.1484912109375,-0.16899856567382812,-9.838141479492188,9.840713283366721
0.15642471313476564,-0.16390914916992189,-9.839937744140625,9.842545895682896
0.15163467407226563,-0.17064514160156252,-9.841284942626954,9.843932250920322
0.1573228454589844,-0.15283218383789063,-9.838440856933595,9.840885460643277
0.15941848754882812,-0.16061599731445314,-9.832004241943359,9.83460823654699
0.15358062744140627,-0.16151412963867187,-9.83963836669922,9.842162212167482
0.15956817626953126,-0.16540603637695314,-9.831405487060547,9.834091468496322
0.1526824951171875,-0.16630416870117187,-9.836195526123047,9.83878607598344
0.15118560791015626,-0.16615447998046876,-9.837393035888672,9.83995762906567
0.1531315612792969,-0.15881973266601562,-9.842632141113281,9.84510438988943
0.15328125,-0.16181350708007813,-9.841284942626954,9.843808616315696
0.1502874755859375,-0.16570541381835938,-9.826016693115236,9.828562899166183
0.14983840942382814,-0.16316070556640624,-9.841734008789063,9.844226798714809
0.15402969360351562,-0.16301101684570313,-9.835596771240235,9.838153362524697
0.15777191162109375,-0.16076568603515626,-9.849817199707031,9.852392422632555
0.14953903198242188,-0.1682501220703125,-9.836345214843751,9.838920530792109
0.15552658081054688,-0.1676513671875,-9.832602996826173,9.835261927953598
0.1550775146484375,-0.17378860473632812,-9.838141479492188,9.840898296659226
0.16121475219726564,-0.16540603637695314,-9.841434631347656,9.844144704152054
0.15103591918945314,-0.16720230102539063,-9.847571868896486,9.850149246150284
0.15642471313476564,-0.16540603637695314,-9.840536499023438,9.843169532033961
0.16091537475585938,-0.15956817626953126,-9.836943969726564,9.839553974863424
0.15133529663085937,-0.16076568603515626,-9.839039611816407,9.841516573206848
0.15672409057617187,-0.16241226196289063,-9.830357666015626,9.832948287527755
0.16136444091796875,-0.16705261230468751,-9.8483203125,9.851058726638
0.14894027709960939,-0.16450790405273438,-9.832303619384765,9.834807599562133
0.15837066650390627,-0.15597564697265626,-9.835147705078125,9.837659277041512
0.15088623046875002,-0.16016693115234376,-9.840835876464844,9.84329573099871
0.15432907104492188,-0.1580712890625,-9.835147705078125,9.837628493458114
0.1579216003417969,-0.16360977172851562,-9.836943969726564,9.83957184296143
0.15328125,-0.1598675537109375,-9.83155517578125,9.834049519438175
0.1483415222167969,-0.15941848754882812,-9.834698638916016,9.837109167823773
0.1531315612792969,-0.15911911010742188,-9.834548950195312,9.837028068479267
0.15223342895507813,-0.17109420776367187,-9.83829116821289,9.840956323211554
0.15911911010742188,-0.16495697021484376,-9.833501129150392,9.836171722282296
0.1490899658203125,-0.16615447998046876,-9.835746459960937,9.838279501709636
0.15133529663085937,-0.17019607543945314,-9.836644592285158,9.839280761876559
0.14983840942382814,-0.17274078369140625,-9.833351440429688,9.83600993687428
0.15328125,-0.16001724243164064,-9.836195526123047,9.838691126750552
0.15762222290039063,-0.1686991882324219,-9.835297393798829,9.838006861439382
0.15762222290039063,-0.16570541381835938,-9.842482452392579,9.845139098813007
0.15208374023437501,-0.15657440185546875,-9.846673736572265,9.849092784711802
0.15462844848632815,-0.16929794311523438,-9.830657043457032,9.833330547515205
0.15432907104492188,-0.16585510253906252,-9.847871246337892,9.850476813924109
0.1579216003417969,-0.17034576416015626,-9.837093658447266,9.839835799254235
0.15178436279296875,-0.16076568603515626,-9.830956420898438,9.833442339699719
0.1537303161621094,-0.16854949951171877,-9.839039611816407,9.841683922316612
0.15208374023437501,-0.16390914916992189,-9.845775604248047,9.848314217287712
0.14804214477539063,-0.16316070556640624,-9.826166381835938,9.828635900062297
0.1525328063964844,-0.16136444091796875,-9.83110610961914,9.833613378530332
0.1550775146484375,-0.1681004333496094,-9.84397933959961,9.84663577216634
0.15717315673828125,-0.16435821533203127,-9.846524047851563,9.849149854127782
0.16121475219726564,-0.16705261230468751,-9.84547622680664,9.848212980242588
0.1586700439453125,-0.16899856567382812,-9.831255798339845,9.833988370464764
0.1579216003417969,-0.16390914916992189,-9.848619689941406,9.851249425232197
0.15762222290039063,-0.16061599731445314,-9.829309844970703,9.831885591898605
0.1477427673339844,-0.16136444091796875,-9.837093658447266,9.839526312437794
0.15582595825195314,-0.16166381835937502,-9.838889923095703,9.841451713960996
0.15328125,-0.16121475219726564,-9.83439926147461,9.836914870629915
0.14923965454101562,-0.16435821533203127,-9.832752685546875,9.835258586969838
0.15702346801757813,-0.15627502441406252,-9.838141479492188,9.840635448144019
0.15627502441406252,-0.1579216003417969,-9.842033386230469,9.844540735391638
0.14894027709960939,-0.1682501220703125,-9.826016693115236,9.828585623735414
0.159268798828125,-0.1580712890625,-9.841434631347656,9.8439925175609
0.1675016784667969,-0.17139358520507814,-9.842632141113281,9.845549250225446
0.15283218383789063,-0.16166381835937502,-9.835447082519531,9.83796280637537
0.14864089965820312,-0.16914825439453127,-9.836195526123047,9.83877267128065
0.15522720336914064,-0.15537689208984376,-9.841883697509767,9.844334013968128
0.15881973266601562,-0.15956817626953126,-9.835447082519531,9.838023430720423
0.15477813720703126,-0.1675016784667969,-9.840835876464844,9.843478238486844
0.15522720336914064,-0.17004638671875,-9.843230895996093,9.845923305114354
0.154478759765625,-0.164058837890625,-9.84008743286133,9.842667304946572
0.1531315612792969,-0.17244140625,-9.836943969726564,9.839646943726645
0.15163467407226563,-0.16675323486328125,-9.829160156250001,9.831743949723819
0.15941848754882812,-0.16510665893554688,-9.828411712646485,9.831091051164353
0.15163467407226563,-0.16301101684570313,-9.839788055419922,9.84230636800027
0.15492782592773438,-0.16630416870117187,-9.83155517578125,9.834182064727354
0.15328125,-0.1627116394042969,-9.84113525390625,9.843673770746145
0.15597564697265626,-0.1621128845214844,-9.8435302734375,9.846100610589806
0.1502874755859375,-0.16555572509765626,-9.837692413330078,9.840233078678715
0.1633103942871094,-0.1676513671875,-9.8339501953125,9.836734911020466
0.15597564697265626,-0.16316070556640624,-9.825567626953125,9.828160001247372
0.15522720336914064,-0.16795074462890625,-9.840835876464844,9.843492961586593
0.15687377929687502,-0.16720230102539063,-9.82242416381836,9.825099615070673
0.15133529663085937,-0.15687377929687502,-9.835596771240235,9.838011770732365
0.15537689208984376,-0.17124389648437502,-9.834099884033204,9.836817929585793
0.16091537475585938,-0.15612533569335937,-9.840835876464844,9.843389641063478
0.1483415222167969,-0.16660354614257813,-9.83155517578125,9.83408557636306
0.16106506347656252,-0.16106506347656252,-9.845625915527345,9.84826043409947
0.15522720336914064,-0.16480728149414064,-9.834249572753906,9.836855269033375
0.15058685302734376,-0.15777191162109375,-9.834998016357423,9.837416040716978
0.15133529663085937,-0.16959732055664065,-9.840686187744142,9.843310940369845
0.15193405151367187,-0.164058837890625,-9.829160156250001,9.831703241835157
0.1484912109375,-0.1574725341796875,-9.834099884033204,9.836481472960164
0.15058685302734376,-0.16450790405273438,-9.837393035888672,9.839920781863615
0.15283218383789063,-0.16046630859375,-9.834698638916016,9.837194947285884
0.16241226196289063,-0.15432907104492188,-9.833800506591798,9.836352352800839
0.15043716430664064,-0.1675016784667969,-9.83245330810547,9.835030564709395
0.15013778686523438,-0.1598675537109375,-9.836943969726564,9.839388479642123
0.15193405151367187,-0.1634600830078125,-9.832602996826173,9.835135222656643
0.15642471313476564,-0.16301101684570313,-9.842482452392579,9.84507501790353
0.15567626953125,-0.1580712890625,-9.833650817871094,9.836153213585984
0.15013778686523438,-0.16600479125976564,-9.839788055419922,9.842333459162546
0.15088623046875002,-0.16780105590820313,-9.836644592285158,9.839232728411389
0.15762222290039063,-0.17004638671875,-9.84008743286133,9.842818764213005
0.15432907104492188,-0.16510665893554688,-9.843230895996093,9.845825112345155
0.1531315612792969,-0.17184265136718752,-9.833800506591798,9.836493865973477
0.15552658081054688,-0.16720230102539063,-9.840835876464844,9.843484945603585
0.15358062744140627,-0.1633103942871094,-9.847122802734376,9.849674349243168
0.159268798828125,-0.1627116394042969,-9.850865020751954,9.853495993044914
0.1526824951171875,-0.16525634765625,-9.836045837402343,9.838618770957428
0.15163467407226563,-0.1627116394042969,-9.846224670410157,9.848736386571236
0.15477813720703126,-0.1686991882324219,-9.834249572753906,9.836914167922679
0.15328125,-0.15552658081054688,-9.840237121582032,9.842659715132958
0.1490899658203125,-0.16645385742187502,-9.83829116821289,9.840828614252699
0.1574725341796875,-0.15762222290039063,-9.834848327636719,9.837371803067718
0.1490899658203125,-0.1634600830078125,-9.830507354736328,9.832996586400824
0.15777191162109375,-0.17109420776367187,-9.835596771240235,9.838349915024276
0.1454974365234375,-0.16974700927734376,-9.842781829833985,9.845320599193485
0.15597564697265626,-0.16600479125976564,-9.838889923095703,9.841526350722427
0.15432907104492188,-0.17094451904296876,-9.835596771240235,9.838292704386863
0.15462844848632815,-0.16181350708007813,-9.840835876464844,9.843380736092271
0.15522720336914064,-0.16046630859375,-9.840686187744142,9.843218455694146
0.15103591918945314,-0.15956817626953126,-9.833351440429688,9.83580573226027
0.15417938232421877,-0.17064514160156252,-9.850116577148437,9.852801004267798
0.15582595825195314,-0.1634600830078125,-9.830657043457032,9.833250674831461
0.15118560791015626,-0.1573228454589844,-9.842183074951173,9.844601324919044
0.15492782592773438,-0.16525634765625,-9.84158432006836,9.844190887051246
0.154478759765625,-0.15896942138671877,-9.833052062988282,9.835550205127971
0.1585203552246094,-0.16510665893554688,-9.833351440429688,9.836014917782812
0.15402969360351562,-0.16645385742187502,-9.84442840576172,9.847040299974934
0.15522720336914064,-0.1598675537109375,-9.840686187744142,9.843208712866637
0.1502874755859375,-0.1634600830078125,-9.819729766845704,9.822239979654869
0.15402969360351562,-0.1675016784667969,-9.846973114013672,9.849602096882334
0.1538800048828125,-0.162861328125,-9.847571868896486,9.850120536378364
0.1525328063964844,-0.16316070556640624,-9.841284942626954,9.843819228066113
0.15118560791015626,-0.16301101684570313,-9.83918930053711,9.84170085764936
0.15462844848632815,-0.1627116394042969,-9.843829650878908,9.846388537438571
0.1525328063964844,-0.1681004333496094,-9.8435302734375,9.846147076740223
0.15208374023437501,-0.16151412963867187,-9.834548950195312,9.837050845243423
0.14684463500976563,-0.16375946044921877,-9.847871246337892,9.850327334264907
0.16091537475585938,-0.164058837890625,-9.82676513671875,9.829451770691685
0.1598675537109375,-0.16525634765625,-9.836644592285158,9.83933148796721
0.15283218383789063,-0.15956817626953126,-9.837542724609376,9.840023706160952
0.16241226196289063,-0.15837066650390627,-9.837991790771484,9.840606764124452
0.1502874755859375,-0.1686991882324219,-9.830956420898438,9.833552251909405
0.15522720336914064,-0.17483642578125,-9.834998016357423,9.837776641203043
0.14564712524414064,-0.15837066650390627,-9.83963836669922,9.841990527353705
0.1573228454589844,-0.16615447998046876,-9.832602996826173,9.835265094653826
0.15298187255859375,-0.16914825439453127,-9.830357666015626,9.83300292012
0.14624588012695314,-0.16375946044921877,-9.836045837402343,9.838495958926886
0.1502874755859375,-0.15896942138671877,-9.833800506591798,9.836233527407689
0.15328125,-0.16256195068359375,-9.842332763671875,9.844868498881052
0.1574725341796875,-0.1686991882324219,-9.846074981689453,9.84877908982541
0.15402969360351562,-0.17333953857421877,-9.836345214843751,9.839078154366103
0.15687377929687502,-0.1754351806640625,-9.84008743286133,9.842901379755919
0.15597564697265626,-0.16989669799804688,-9.838141479492188,9.840844529863478
0.14864089965820312,-0.16420852661132812,-9.846224670410157,9.84871559227175
0.15477813720703126,-0.16600479125976564,-9.838590545654297,9.841208146742787
0.1579216003417969,-0.16555572509765626,-9.846224670410157,9.848882585865299
0.15238311767578125,-0.1634600830078125,-9.840686187744142,9.8432232758862
0.1574725341796875,-0.16420852661132812,-9.838141479492188,9.840771809656882
0.1454974365234375,-0.15672409057617187,-9.839937744140625,9.842261262187929
0.15193405151367187,-0.16390914916992189,-9.84113525390625,9.843672752121913
0.14594650268554688,-0.16151412963867187,-9.835896148681641,9.838304744384036
0.15822097778320313,-0.16420852661132812,-9.836943969726564,9.839586626559184
0.1537303161621094,-0.15612533569335937,-9.829908599853516,9.832350238474358
0.15522720336914064,-0.16450790405273438,-9.838889923095703,9.841489381895192
0.15462844848632815,-0.16959732055664065,-9.836195526123047,9.838872681173607
0.1598675537109375,-0.16795074462890625,-9.830806732177734,9.833540872584097
0.1550775146484375,-0.15911911010742188,-9.834099884033204,9.836609601681506
0.14983840942382814,-0.1682501220703125,-9.825417938232423,9.828000677322668
0.15238311767578125,-0.1633103942871094,-9.834848327636719,9.837384435257858
0.15762222290039063,-0.16196319580078125,-9.83290237426758,9.835499272727494
0.15537689208984376,-0.16540603637695314,-9.84158432006836,9.844200478681895
0.16046630859375,-0.16136444091796875,-9.838141479492188,9.840773124581789
0.1586700439453125,-0.159268798828125,-9.843081207275391,9.84564829689461
0.14953903198242188,-0.16316070556640624,-9.837842102050782,9.84033132383306
0.1538800048828125,-0.16660354614257813,-9.839338989257813,9.841952425358445
0.15702346801757813,-0.1633103942871094,-9.850415954589844,9.853020914056186
0.16061599731445314,-0.16420852661132812,-9.839937744140625,9.842618388791088
0.15522720336914064,-0.1675016784667969,-9.840985565185548,9.843634958243083
0.15687377929687502,-0.16031661987304688,-9.83439926147461,9.836956827969246
0.15358062744140627,-0.16839981079101562,-9.844578094482422,9.847216020975821
0.16435821533203127,-0.162861328125,-9.842033386230469,9.844752846609252
0.15717315673828125,-0.16795074462890625,-9.842183074951173,9.844870671302687
0.14923965454101562,-0.168848876953125,-9.844578094482422,9.847156964124164
0.15612533569335937,-0.1627116394042969,-9.838740234375,9.841324077457893
0.15223342895507813,-0.15597564697265626,-9.833501129150392,9.835916219465373
0.1538800048828125,-0.15896942138671877,-9.839937744140625,9.842424759245155
0.15402969360351562,-0.1634600830078125,-9.830657043457032,9.833222373734861
0.14819183349609374,-0.17094451904296876,-9.836195526123047,9.838796942524468
0.1574725341796875,-0.16076568603515626,-9.844877471923828,9.847449194691011
0.143701171875,-0.15717315673828125,-9.83245330810547,9.83475935059275
0.15492782592773438,-0.16510665893554688,-9.84876937866211,9.851371534671912
0.1538800048828125,-0.16540603637695314,-9.830657043457032,9.83325257068301
0.1580712890625,-0.1676513671875,-9.851463775634766,9.854158108940089
0.15148498535156252,-0.16540603637695314,-9.868528289794922,9.871076813810111
0.14639556884765625,-0.17378860473632812,-9.77736785888672,9.78000799538045
0.15328125,-0.15358062744140627,-9.870025177001954,9.872409996823437
0.15642471313476564,-0.1686991882324219,-9.833201751708986,9.835892679203155
0.14938934326171877,-0.1728904724121094,-9.837991790771484,9.840644834898685
0.15223342895507813,-0.1627116394042969,-9.841734008789063,9.844256111776263
0.15223342895507813,-0.1728904724121094,-9.836943969726564,9.839640887546766
0.15193405151367187,-0.16720230102539063,-9.837093658447266,9.839687607365438
0.15971786499023438,-0.15822097778320313,-9.844578094482422,9.84714484165694
0.14938934326171877,-0.16645385742187502,-9.831405487060547,9.833949253150283
0.149688720703125,-0.16899856567382812,-9.842332763671875,9.844921607567752
0.1585203552246094,-0.1622625732421875,-9.832602996826173,9.835219343710172
0.15896942138671877,-0.16106506347656252,-9.84397933959961,9.846580242402574
0.15298187255859375,-0.1633103942871094,-9.841434631347656,9.843978328973643
0.1574725341796875,-0.168848876953125,-9.838889923095703,9.84159857244053
0.15612533569335937,-0.162861328125,-9.837093658447266,9.839680410343997
0.154478759765625,-0.1676513671875,-9.842781829833985,9.845421515498899
0.1622625732421875,-0.17064514160156252,-9.83439926147461,9.837217987882537
0.15672409057617187,-0.15777191162109375,-9.836195526123047,9.838709104592256
0.15238311767578125,-0.16660354614257813,-9.844129028320314,9.84671791422698
0.162861328125,-0.15777191162109375,-9.834698638916016,9.83731229079324
0.15432907104492188,-0.15657440185546875,-9.841883697509767,9.844338866617427
0.15582595825195314,-0.16435821533203127,-9.83724334716797,9.839850203311672
0.15432907104492188,-0.16555572509765626,-9.843829650878908,9.846431249737387
0.15417938232421877,-0.1621128845214844,-9.842632141113281,9.845174418695585
0.15477813720703126,-0.16151412963867187,-9.838889923095703,9.841432721134884
0.14998809814453126,-0.16390914916992189,-9.840536499023438,9.843044306888956
0.16181350708007813,-0.17244140625,-9.839338989257813,9.84218021554127
0.15298187255859375,-0.16795074462890625,-9.844129028320314,9.846750084782876
0.154478759765625,-0.16570541381835938,-9.8435302734375,9.84613681681643
0.15612533569335937,-0.16735198974609375,-9.836045837402343,9.838708224375663
0.15612533569335937,-0.16375946044921877,-9.830956420898438,9.833559702922244
0.15597564697265626,-0.16390914916992189,-9.829160156250001,9.83176403240246
0.15133529663085937,-0.16106506347656252,-9.833650817871094,9.836134033983875
0.16106506347656252,-0.17049545288085938,-9.852960662841797,9.855751847405331
0.14699432373046875,-0.16929794311523438,-9.832303619384765,9.834859612039146
0.1538800048828125,-0.16480728149414064,-9.835896148681641,9.838480245626688
0.1531315612792969,-0.15911911010742188,-9.8339501953125,9.836429464503263
0.1574725341796875,-0.16046630859375,-9.830956420898438,9.833526894498174
0.14804214477539063,-0.1633103942871094,-9.834099884033204,9.836569894564558
0.15956817626953126,-0.1598675537109375,-9.83724334716797,9.839836193199966
0.1471440124511719,-0.16106506347656252,-9.846224670410157,9.848641204514792
0.14654525756835937,-0.1633103942871094,-9.833650817871094,9.836098525595137
0.15343093872070312,-0.1634600830078125,-9.837093658447266,9.839647955936078
0.15597564697265626,-0.1634600830078125,-9.837393035888672,9.839987263392997
0.1538800048828125,-0.16705261230468751,-9.845625915527345,9.848245290389768
0.15103591918945314,-0.16061599731445314,-9.841883697509767,9.844352902186474
0.15058685302734376,-0.16256195068359375,-9.837991790771484,9.840487044013718
0.15642471313476564,-0.16450790405273438,-9.82960922241211,9.832230113596015
0.14594650268554688,-0.1627116394042969,-9.828262023925781,9.830692237588636
0.15193405151367187,-0.16540603637695314,-9.834548950195312,9.837113202899873
0.15642471313476564,-0.15657440185546875,-9.841284942626954,9.843773339333433
0.15148498535156252,-0.17109420776367187,-9.835447082519531,9.83810145514668
0.15088623046875002,-0.1580712890625,-9.839039611816407,9.841466032551416
0.15702346801757813,-0.16735198974609375,-9.836943969726564,9.839620405357111
0.154478759765625,-0.168848876953125,-9.840835876464844,9.843496552444392
0.15088623046875002,-0.17019607543945314,-9.841734008789063,9.844361922359179
0.1525328063964844,-0.16450790405273438,-9.84113525390625,9.843692000118626
0.14684463500976563,-0.16645385742187502,-9.833501129150392,9.8360060334713
0.15971786499023438,-0.17274078369140625,-9.834848327636719,9.837661856476169
0.14923965454101562,-0.1669029235839844,-9.842183074951173,9.84472938892907
0.162861328125,-0.14325210571289063,-9.914333038330078,9.916705328530899
0.15178436279296875,-0.17199234008789063,-9.893675994873048,9.896334904870821
0.1407073974609375,-0.223934326171875,-9.678573303222656,9.68218603105686
0.12334350585937501,-0.20597167968750002,-9.775571594238281,9.778519210358455
0.16136444091796875,-0.164058837890625,-9.861043853759766,9.863728487283906
0.15597564697265626,-0.15208374023437501,-9.934241638183595,9.936629951463066
